Rank,Feature,Source,ObservedBus,LoadSwitchVsRestCliffsDelta,LoadSwitchVsRestAbsCliffsDelta,LoadSwitchVsNormalCliffsDelta,LoadSwitchVsSLGCliffsDelta,LoadSwitchVsThreePhaseCliffsDelta,KruskalWallisPValue,OneFeatureBalancedAccuracy,OneFeatureF1,Normal_Mean,Normal_Median,Normal_IQR,LoadSwitch_Mean,LoadSwitch_Median,LoadSwitch_IQR,SLG_Fault_Mean,SLG_Fault_Median,SLG_Fault_IQR,ThreePhase_Fault_Mean,ThreePhase_Fault_Median,ThreePhase_Fault_IQR,Signal,BandHz,Aggregation
3,raw_dV_band_0_10Hz_ratio_3ph_max,raw-derived,1,-1.0,1.0,-1.0,-1.0,-1.0,1.1607969607763383e-13,1.0,1.0,0.0001237543156722659,0.0001237543156722659,0.0,1.694036290629748e-05,1.6823706578995466e-05,6.530700761226648e-07,0.03121385024311496,0.03229539657553153,0.03614978761716294,0.014647063985769211,0.003042897652947554,0.011336826670421844,dV,0_10Hz,3ph_max
4,raw_dV_band_0_10Hz_ratio_C,raw-derived,1,-1.0,1.0,-1.0,-1.0,-1.0,2.571537276821668e-13,1.0,1.0,1.5372215604791278e-05,1.5372215604791278e-05,0.0,1.2724501163321196e-05,1.2620384890407568e-05,1.592115327338016e-07,0.025799532653159468,0.026850833078187086,0.03199082979733552,0.011596231822455626,0.0008232059964024968,0.005698784829719858,dV,0_10Hz,C
5,raw_dI_band_100_150Hz_ratio_3ph_max,raw-derived,1,-1.0,1.0,-1.0,-1.0,-1.0,2.5834766051628944e-13,1.0,1.0,0.005009403847007426,0.005009403847007426,0.0,6.847965702646197e-05,5.237472982975999e-05,2.8015811776299903e-06,0.0029055427744665127,0.0018271125676233078,0.00044561080520766697,0.004843903977589117,0.004649027569358947,0.0008666848938771688,dI,100_150Hz,3ph_max
6,raw_dV_band_0_10Hz_ratio_B,raw-derived,1,-1.0,1.0,-1.0,-1.0,-1.0,5.372315270216565e-13,1.0,1.0,0.00011927217957417989,0.00011927217957417989,0.0,1.6884874057998572e-05,1.6823706578995466e-05,6.530700761226648e-07,0.027307185653046327,0.028869664907945406,0.03616152149761755,0.01270032060275665,0.0016259415354228594,0.0043213810206248465,dV,0_10Hz,B
7,raw_dI_band_80_100Hz_ratio_3ph_max,raw-derived,1,-1.0,1.0,-1.0,-1.0,-1.0,7.494944551122266e-13,1.0,1.0,0.006073259349452887,0.006073259349452887,0.0,7.839367137561346e-05,4.541141327677208e-05,1.5364591139398198e-05,0.00942887986297928,0.004071645020253934,0.0009484418707292643,0.008849769750081617,0.008762150916226796,0.0017264820625328813,dI,80_100Hz,3ph_max
8,raw_dI_band_30_40Hz_ratio_3ph_max,raw-derived,1,-1.0,1.0,-1.0,-1.0,-1.0,3.4194288569984297e-12,1.0,1.0,0.06619217048781038,0.06619217048781038,0.0,0.0004944520373137325,0.0001447914174728231,4.179035338751716e-05,0.12746608531076065,0.1318180301584641,0.023528528183699354,0.14227017471128506,0.14821321362953516,0.014553164889316322,dI,30_40Hz,3ph_max
9,raw_dV_band_0_10Hz_ratio_A,raw-derived,1,-1.0,1.0,-1.0,-1.0,-1.0,9.377706184544432e-12,1.0,1.0,0.0001237543156722659,0.0001237543156722659,0.0,9.359494553092444e-06,8.998774991028936e-06,3.587120498383039e-07,0.017143140841354064,0.006703840596715052,0.026209146167937368,0.013571668026306709,0.002622078190880028,0.011335665814549704,dV,0_10Hz,A
10,raw_dV_band_10_20Hz_ratio_C,raw-derived,1,-1.0,1.0,-1.0,-1.0,-1.0,1.1888916532639439e-11,1.0,1.0,0.0002473374931551691,0.0002473374931551691,0.0,1.8473517775413762e-05,1.3236172748289006e-05,5.328633603932762e-07,0.09990961220903369,0.06899558824731054,0.1306202696187814,0.05637253990707766,0.010646226410409642,0.03321061360977921,dV,10_20Hz,C
11,raw_dV_band_10_20Hz_ratio_3ph_max,raw-derived,1,-1.0,1.0,-1.0,-1.0,-1.0,1.432187100650978e-11,1.0,1.0,0.0013215558914292426,0.0013215558914292426,0.0,3.047129724963741e-05,1.5104813621294368e-05,1.2170294239634204e-06,0.12049993054198739,0.09825003313867703,0.09705058002893385,0.0869708563466367,0.044638953448565034,0.09978337555048689,dV,10_20Hz,3ph_max
12,raw_dV_band_30_40Hz_ratio_A,raw-derived,1,-1.0,1.0,-1.0,-1.0,-1.0,1.8393562115276086e-11,1.0,1.0,0.025158883748423417,0.025158883748423417,0.0,0.0001147982914399189,2.0220901030352827e-05,1.945322794167355e-05,0.13508851543309267,0.13550041862637524,0.029395518307619162,0.1101250416379653,0.13159543976354823,0.03976812721016715,dV,30_40Hz,A
13,raw_dI_band_10_20Hz_ratio_3ph_max,raw-derived,1,-1.0,1.0,-1.0,-1.0,-1.0,2.2020951057013984e-11,1.0,1.0,0.00897066711904199,0.00897066711904199,0.0,0.0010656674606363398,0.0009041120059347225,5.647157880041243e-05,0.24894387130149678,0.22979664585287574,0.06733522845881895,0.2720827532838514,0.27000054344557245,0.10924920003796165,dI,10_20Hz,3ph_max
15,raw_dV_band_40_50Hz_ratio_3ph_max,raw-derived,1,-1.0,1.0,-1.0,-1.0,-1.0,2.6390660790716147e-11,1.0,1.0,0.023731213091283666,0.023731213091283666,0.0,9.490536506429429e-05,1.9571297796037727e-05,1.9195984307383476e-05,0.19478432113030045,0.20776346333968404,0.019933289207214627,0.1548804092274269,0.1714961531272784,0.12814381877310813,dV,40_50Hz,3ph_max
16,raw_dI_band_10_20Hz_ratio_A,raw-derived,1,-1.0,1.0,-1.0,-1.0,-1.0,2.8403271919079214e-11,1.0,1.0,0.00897066711904199,0.00897066711904199,0.0,0.0009723227803918813,0.0007962190442591601,7.797669497027447e-05,0.24894387130149678,0.22979664585287574,0.06733522845881895,0.2648261510230366,0.23955740035788745,0.10860586860749297,dI,10_20Hz,A
17,raw_dV_band_30_40Hz_ratio_3ph_max,raw-derived,1,-1.0,1.0,-1.0,-1.0,-1.0,2.841498825090993e-11,1.0,1.0,0.025158883748423417,0.025158883748423417,0.0,0.0001148075256588782,2.0220901030352827e-05,1.945322794167355e-05,0.13767732905305555,0.1378794552514423,0.029211350616661025,0.12306926369731497,0.13396664340225628,0.04326280904072957,dV,30_40Hz,3ph_max
18,raw_dV_band_10_20Hz_ratio_B,raw-derived,1,-1.0,1.0,-1.0,-1.0,-1.0,2.9281039740116764e-11,1.0,1.0,0.001164047620107359,0.001164047620107359,0.0,1.0872633843802047e-05,5.4523176375024775e-06,7.21852016614382e-07,0.10436011307189794,0.0850397463232796,0.11383870652152879,0.06638284033252818,0.021571671638704402,0.07852336382307698,dV,10_20Hz,B
19,raw_dV_band_10_20Hz_ratio_A,raw-derived,1,-1.0,1.0,-1.0,-1.0,-1.0,3.1586767110262696e-11,1.0,1.0,0.0013215558914292426,0.0013215558914292426,0.0,3.047129724963741e-05,1.5104813621294368e-05,1.2170294239634204e-06,0.09583266308522957,0.04982804773724761,0.08218603487435291,0.08325055486663172,0.04174093028306924,0.08972682188093793,dV,10_20Hz,A
20,raw_dI_band_30_40Hz_ratio_A,raw-derived,1,-1.0,1.0,-1.0,-1.0,-1.0,3.2112119005771047e-11,1.0,1.0,0.06469382196994697,0.06469382196994697,0.0,0.0004668360728450187,0.00012236693735504927,6.984527884061894e-05,0.1272911468368626,0.1318180301584641,0.023528528183699354,0.1216989597718306,0.12405399859969327,0.023348702870129148,dI,30_40Hz,A
22,raw_dI_band_67_77Hz_ratio_A,raw-derived,1,1.0,1.0,1.0,1.0,1.0,3.647893617767853e-11,1.0,1.0,0.1782256862182664,0.1782256862182664,0.0,0.7934608150481163,0.7970142137405117,0.0025290815337462025,0.04469664284973034,0.03713470798292452,0.01549779970287635,0.043319429091104984,0.03444555410189935,0.014947053700873639,dI,67_77Hz,A
23,raw_dV_band_70_80Hz_ratio_A,raw-derived,1,1.0,1.0,1.0,1.0,1.0,3.817159664485677e-11,1.0,1.0,0.7840622872956834,0.7840622872956834,0.0,0.9716430364446991,0.972555681087805,0.0004683997744667767,0.09545948257518423,0.08474075711726178,0.07501856244175947,0.09148041118793225,0.07734595725362141,0.06382396023473957,dV,70_80Hz,A
25,raw_dI_band_60_80Hz_ratio_A,raw-derived,1,1.0,1.0,1.0,1.0,1.0,3.860211000941932e-11,1.0,1.0,0.5816486902416356,0.5816486902416356,0.0,0.7935491019210307,0.7970284527232362,0.0025248561138573322,0.07006512723177286,0.0658760186393264,0.019691285411660396,0.06867319957085852,0.06038123723185489,0.0180393515213121,dI,60_80Hz,A
26,raw_dV_band_60_80Hz_ratio_A,raw-derived,1,1.0,1.0,1.0,1.0,1.0,3.8943159846583935e-11,1.0,1.0,0.8285239363209493,0.8285239363209493,0.0,0.971761397257053,0.9725658290467147,0.000459423407853099,0.18797892075415107,0.20060986808965603,0.11264408450475659,0.1881658382331823,0.1932478179776077,0.06492248078614271,dV,60_80Hz,A
27,raw_dI_band_70_80Hz_ratio_A,raw-derived,1,1.0,1.0,1.0,1.0,1.0,3.898600224216032e-11,1.0,1.0,0.5425773029927803,0.5425773029927803,0.0,0.7934225165240166,0.7970130334480913,0.002530867037923712,0.03197404347907056,0.02116467581340416,0.013559968362396167,0.032087405204395555,0.023852756294790757,0.013409603341442384,dI,70_80Hz,A
28,raw_dV_band_60_70Hz_ratio_A,raw-derived,1,-1.0,1.0,-1.0,-1.0,-1.0,5.914028060068546e-11,1.0,1.0,0.04446164902526589,0.04446164902526589,0.0,0.0001183608123538592,9.442835338190972e-06,1.9215809737127262e-05,0.09251943817896685,0.10476958185847512,0.04167827533965986,0.09668542704525006,0.11385381164790565,0.038992338173288066,dV,60_70Hz,A
33,raw_dV_band_67_77Hz_ratio_A,raw-derived,1,1.0,1.0,1.0,1.0,1.0,8.854138018121165e-11,1.0,1.0,0.24080973503988798,0.24080973503988798,0.0,0.9716891246912714,0.9725574381292597,0.0004659391255523726,0.13007172011009044,0.1293414817486742,0.09320460663389957,0.13651983732059497,0.132370948712822,0.0405098909584721,dV,67_77Hz,A
36,raw_dI_band_40_50Hz_ratio_3ph_max,raw-derived,1,-1.0,1.0,-1.0,-1.0,-1.0,9.726437725067531e-15,0.9920634920634921,0.9767441860465116,0.04586433003087644,0.04586433003087644,0.0,0.00026803040915389224,9.749207960168017e-05,6.659345090619811e-05,0.14678685634910313,0.15241939002545762,0.028624682110407612,0.19449541611138416,0.2072683543570589,0.03750491025098451,dI,40_50Hz,3ph_max
37,raw_dV_band_80_100Hz_ratio_3ph_max,raw-derived,1,-1.0,1.0,-1.0,-1.0,-1.0,3.884276400599442e-14,0.9920634920634921,0.9767441860465116,0.012304556005744635,0.012304556005744635,0.0,6.498013951246411e-05,1.31985162244761e-05,1.6227495228556848e-05,0.01619827869108876,0.019099609457187375,0.011104746466143822,0.04748985718280278,0.03535434831846092,0.01821605027722113,dV,80_100Hz,3ph_max
38,raw_dV_band_60_70Hz_ratio_3ph_max,raw-derived,1,-1.0,1.0,-1.0,-1.0,-1.0,7.039687620709475e-13,0.9920634920634921,0.9767441860465116,0.045988815706599205,0.0459888157065992,0.0,0.0001862462684768483,1.787956705692192e-05,3.0278945070827776e-05,0.09271292625440736,0.10476958185847512,0.04167827533965986,0.13490721062099906,0.15463629524851075,0.04136955921564464,dV,60_70Hz,3ph_max
39,raw_dV_band_100_150Hz_ratio_A,raw-derived,1,-1.0,1.0,-1.0,-1.0,-1.0,1.853371354816779e-11,0.9920634920634921,0.9767441860465116,0.008084064063708327,0.008084064063708327,0.0,2.234822248234408e-05,1.0628381559189484e-05,1.8272139687583858e-06,0.0147717522663235,0.017903578409093533,0.013780099304690015,0.04729562174223844,0.020439698401304864,0.012999987431414096,dV,100_150Hz,A
40,raw_dI_band_40_50Hz_ratio_A,raw-derived,1,-1.0,1.0,-1.0,-1.0,-1.0,1.9940916558365942e-11,0.9920634920634921,0.9767441860465116,0.045423221432053,0.045423221432053004,0.0,0.0002232560488577904,4.8530943148653805e-05,4.913763555511349e-05,0.14678685634910313,0.15241939002545762,0.028624682110407612,0.1349299051936149,0.14224708037695288,0.03578718946487408,dI,40_50Hz,A
41,raw_dI_band_100_150Hz_ratio_A,raw-derived,1,-1.0,1.0,-1.0,-1.0,-1.0,5.2598064882117895e-11,0.9920634920634921,0.9767441860465116,0.005009403847007426,0.005009403847007426,0.0,1.7010892087998275e-05,1.2736599645575847e-05,1.3083431262805201e-06,0.0017926052960771973,0.0018091788459266176,0.00041788026071404847,0.0022726856408590295,0.0018031256920076635,0.0005231815395602888,dI,100_150Hz,A
42,raw_dI_band_80_100Hz_ratio_A,raw-derived,1,-1.0,1.0,-1.0,-1.0,-1.0,5.3459324411866255e-11,0.9920634920634921,0.9767441860465116,0.006073259349452887,0.006073259349452887,0.0,2.6233404077564694e-05,1.4120199323307382e-05,2.663843191047015e-06,0.0038704080335070865,0.0039790331120936,0.0008989262360948442,0.004229139820187094,0.0038773144881303775,0.0007922024948850302,dI,80_100Hz,A
43,raw_dV_band_80_100Hz_ratio_A,raw-derived,1,-1.0,1.0,-1.0,-1.0,-1.0,7.804957048924695e-11,0.9920634920634921,0.9767441860465116,0.011376282607165689,0.011376282607165689,0.0,2.595355585499601e-05,7.952569195934551e-06,3.95158156653078e-06,0.015925872055910586,0.019099609457187375,0.01130522362850803,0.03662890688654968,0.019300075422241773,0.007921597206392197,dV,80_100Hz,A
45,raw_dV_band_30_40Hz_ratio_C,raw-derived,1,-1.0,1.0,-1.0,-1.0,-1.0,9.609969607800063e-11,0.9920634920634921,0.9767441860465116,0.020973951809366047,0.020973951809366047,0.0,7.04848186918477e-05,1.642928484193432e-05,1.2030627778757108e-05,0.07593032341031782,0.05514058679699689,0.13525724535211864,0.09021159670018539,0.0903303005753401,0.03578992542026971,dV,30_40Hz,C
46,raw_dI_band_60_70Hz_ratio_3ph_max,raw-derived,1,-0.99848828420257,0.99848828420257,-1.0,-1.0,-0.9968253968253968,1.4914185179673968e-13,0.9920634920634921,0.9767441860465116,0.039570910862761606,0.039570910862761606,0.0,0.0002348174201631972,4.5254508681703284e-05,4.882790723134724e-05,0.042987997987912745,0.039414746801761595,0.008425758121671595,0.06677779704071886,0.06999547993834143,0.00711247799857713,dI,60_70Hz,3ph_max
47,raw_dV_band_50_60Hz_ratio_3ph_max,raw-derived,1,-0.99848828420257,0.99848828420257,-1.0,-1.0,-0.9968253968253968,1.0538133826643036e-10,0.9920634920634921,0.9767441860465116,0.07726959455194128,0.07726959455194128,0.0,0.00017457583959930466,2.0431020848668157e-05,2.66210717327666e-05,0.16769681165307737,0.18602636595321348,0.056705164233112976,0.1740923999458963,0.2032903803825853,0.1548419348682034,dV,50_60Hz,3ph_max
48,raw_dI_band_60_70Hz_ratio_A,raw-derived,1,-0.99848828420257,0.99848828420257,-1.0,-1.0,-0.9968253968253968,3.2996371732173904e-10,0.9841269841269842,0.9545454545454546,0.03907138724885517,0.03907138724885517,0.0,0.00012658539701409184,1.4499276249244852e-05,1.8416857551246913e-05,0.038091083752702266,0.039179323267871886,0.008247980531784917,0.03658579436646296,0.03752360663618844,0.006382440833062941,dI,60_70Hz,A
49,raw_dI_band_50_60Hz_ratio_3ph_max,raw-derived,1,-0.9969765684051398,0.9969765684051398,-1.0,-1.0,-0.9936507936507937,3.525521755486484e-15,0.9841269841269842,0.9545454545454546,0.09958829751097813,0.09958829751097813,0.0,0.00027427495281252487,3.808441260603743e-05,1.8046024982465156e-05,0.07558459150788238,0.07811561529130559,0.01889347958063578,0.13715026339460432,0.1458162136818673,0.025092597849858955,dI,50_60Hz,3ph_max
50,raw_dI_band_50_60Hz_ratio_A,raw-derived,1,-0.9924414210128496,0.9924414210128496,-1.0,-1.0,-0.9841269841269841,4.541877143401839e-11,0.9841269841269842,0.9545454545454546,0.09659398864545292,0.0965939886454529,0.0,0.00025179412770359326,3.4002434668283745e-05,3.245831774623975e-05,0.07558459150788238,0.07811561529130559,0.01889347958063578,0.07132817414642924,0.07393312827558539,0.015279864828559295,dI,50_60Hz,A
54,raw_dI_band_0_10Hz_ratio_A,raw-derived,1,-0.981859410430839,0.981859410430839,-0.6190476190476191,-1.0,-1.0,3.556430470618113e-11,0.9761904761904762,0.9333333333333333,0.0016276060600203558,0.0016276060600203556,0.0,0.0015621565967335535,0.0015080391708592353,1.8100458935876992e-05,0.03629783693602259,0.03266025297610302,0.022377103133588216,0.05323136743777632,0.03621435491565816,0.033517878700755024,dI,0_10Hz,A
81,raw_dV_band_100_150Hz_ratio_3ph_max,raw-derived,1,-1.0,1.0,-1.0,-1.0,-1.0,1.843741033417565e-14,0.9682539682539681,0.9523809523809523,0.012279736787788953,0.012279736787788953,0.0,9.103353035740568e-05,2.6245442143217553e-05,1.911640040918839e-05,0.014784466533169798,0.017903578409093533,0.013780099304690015,0.05765787473188991,0.035363929614428496,0.01671071528431041,dV,100_150Hz,3ph_max
82,raw_dV_band_40_50Hz_ratio_C,raw-derived,1,-1.0,1.0,-1.0,-1.0,-1.0,2.305326210414222e-11,0.9682539682539681,0.9523809523809523,0.020466837816366774,0.020466837816366774,0.0,6.628080829655497e-05,9.802470054155634e-06,1.254478664337517e-05,0.08459511523558474,0.059010836603461285,0.15609744584865834,0.13702790508714333,0.16689280860482547,0.13075515930147974,dV,40_50Hz,C
83,raw_dV_band_40_50Hz_ratio_A,raw-derived,1,-1.0,1.0,-1.0,-1.0,-1.0,2.5240918242975724e-11,0.9682539682539681,0.9523809523809523,0.02040263894302212,0.02040263894302212,0.0,9.490536506429429e-05,1.9571297796037727e-05,1.9195984307383476e-05,0.19428837817082717,0.20776346333968404,0.024769835970136683,0.13197339837093455,0.1596290474851216,0.17222301379872468,dV,40_50Hz,A
85,raw_dI_band_0_10Hz_ratio_3ph_max,raw-derived,1,-0.9954648526077098,0.9954648526077098,-0.9047619047619048,-1.0,-1.0,3.030660914134671e-11,0.9682539682539681,0.9523809523809523,0.00213382157171252,0.00213382157171252,0.0,0.0015621565967335535,0.0015080391708592353,1.8100458935876992e-05,0.03629783693602259,0.03266025297610302,0.022377103133588216,0.05387754085903222,0.03621435491565816,0.035211473863671044,dI,0_10Hz,3ph_max
88,raw_dV_band_60_80Hz_ratio_C,raw-derived,1,0.99848828420257,0.99848828420257,1.0,0.9968253968253968,1.0,3.2829418363564773e-11,0.9603174603174602,0.9302325581395349,0.8279077205564831,0.8279077205564831,0.0,0.9722326929145385,0.9729889297310156,0.0003085761292392908,0.5210930301206902,0.6096246767268445,0.774613332282329,0.21432311238217583,0.23363509167017582,0.11061359971124768,dV,60_80Hz,C
89,raw_dV_band_20_30Hz_ratio_3ph_max,raw-derived,1,-0.9501133786848073,0.9501133786848073,-0.6190476190476191,-1.0,-0.9333333333333333,4.808614748675199e-12,0.9603174603174602,0.8936170212765957,0.02835764744320342,0.02835764744320342,0.0,0.027754271381029424,0.027308975768072508,0.0004111170462816928,0.17370461582095054,0.1566539930423428,0.08360105504335802,0.12237889648159508,0.12938068168985517,0.03194399486038629,dV,20_30Hz,3ph_max
91,raw_dV_band_80_100Hz_ratio_C,raw-derived,1,-0.9909297052154195,0.9909297052154195,-1.0,-0.9809523809523809,-1.0,3.851927310925985e-15,0.9523809523809523,0.9090909090909091,0.012177419061128592,0.012177419061128592,0.0,6.498013951246411e-05,1.31985162244761e-05,1.6227495228556848e-05,0.00435096934668644,0.002468917346062407,0.005233568205319421,0.040120416521925474,0.03535434831846092,0.014837278162800973,dV,80_100Hz,C
98,raw_dV_band_70_80Hz_ratio_B,raw-derived,1,0.8987150415721844,0.8987150415721844,1.0,0.7873015873015873,1.0,1.1136101242947693e-09,0.9444444444444444,0.8571428571428571,0.7799259033484005,0.7799259033484005,0.0,0.9720042037577648,0.9728854947955539,0.00035609780141376834,0.4566574268337057,0.4851685864958666,0.8227144932308149,0.1562037814089056,0.13942871164318948,0.10381894380744838,dV,70_80Hz,B
99,raw_dV_band_60_80Hz_ratio_B,raw-derived,1,0.8881330309901738,0.8881330309901738,1.0,0.765079365079365,1.0,4.580719135511659e-09,0.9444444444444444,0.8571428571428571,0.8259147190549997,0.8259147190549997,0.0,0.9721761112372695,0.9729034603285607,0.0003285671613144636,0.48544730320005824,0.5055730271401113,0.7735006988398817,0.2640863298360638,0.2807856084692267,0.13489546241430594,dV,60_80Hz,B
103,raw_dV_band_20_30Hz_ratio_A,raw-derived,1,-0.8034769463340892,0.8034769463340892,1.0,-1.0,-0.7873015873015873,1.182925895970054e-11,0.9444444444444444,0.8571428571428571,0.02653526700687553,0.02653526700687553,0.0,0.027754271381029424,0.027308975768072508,0.0004111170462816928,0.1572466446286825,0.1364663744356405,0.07392007859795144,0.10287362410706154,0.11929942147360734,0.0357375637922939,dV,20_30Hz,A
104,raw_dV_band_70_80Hz_ratio_C,raw-derived,1,0.99848828420257,0.99848828420257,1.0,0.9968253968253968,1.0,9.98884691228517e-12,0.9365079365079365,0.9047619047619048,0.7877580977790043,0.7877580977790044,0.0,0.972046588270848,0.9729706710280998,0.0003264161764887641,0.495330142757712,0.585203581161561,0.8190197686291318,0.09698971084217077,0.0846349953076217,0.036214077779739395,dV,70_80Hz,C
106,raw_dV_band_67_77Hz_ratio_C,raw-derived,1,0.99848828420257,0.99848828420257,1.0,0.9968253968253968,1.0,4.786316142007871e-11,0.9365079365079365,0.9047619047619048,0.22996391155438953,0.2299639115543895,0.0,0.9721320548414263,0.9729786080089959,0.00031683268379867346,0.5036284633571368,0.5910459703549219,0.803337801270958,0.16126422027679513,0.17250347361567483,0.08831998069459265,dV,67_77Hz,C
107,raw_dV_band_30_40Hz_ratio_B,raw-derived,1,-0.9969765684051398,0.9969765684051398,-1.0,-0.9936507936507937,-1.0,1.2345997077869578e-10,0.9365079365079365,0.9047619047619048,0.022791257678867898,0.022791257678867895,0.0,7.939632046074465e-05,1.4221525965059143e-05,1.477037995533282e-05,0.08540251673295034,0.07759764618823711,0.1352482981723251,0.09477596830520793,0.0989426770536245,0.02826535799442592,dV,30_40Hz,B
109,raw_dV_band_67_77Hz_ratio_B,raw-derived,1,0.8987150415721844,0.8987150415721844,1.0,0.7873015873015873,1.0,5.339442659121466e-09,0.9365079365079365,0.84,0.23183460666456765,0.23183460666456762,0.0,0.9720853134916843,0.9728942570841588,0.00034296623867624554,0.46618772822670745,0.4930420558142246,0.8065840661795933,0.19422106029730477,0.19106572444943792,0.11171636059256554,dV,67_77Hz,B
110,raw_dV_band_70_80Hz_ratio_3ph_max,raw-derived,1,0.8972033257747544,0.8972033257747544,1.0,0.7841269841269841,1.0,1.5879865958039917e-09,0.9365079365079365,0.8695652173913043,0.7877580977790043,0.7877580977790044,0.0,0.97211108321449,0.9729706710280998,0.0003264161764887641,0.5378033722982276,0.6973338941174563,0.8564709331198539,0.16657242860400842,0.14368515696456724,0.08410029830319588,dV,70_80Hz,3ph_max
111,raw_dV_band_67_77Hz_ratio_3ph_max,raw-derived,1,0.8972033257747544,0.8972033257747544,1.0,0.7841269841269841,1.0,4.142926391029041e-09,0.9365079365079365,0.8695652173913043,0.24080973503988798,0.24080973503988798,0.0,0.9721739444034386,0.9729786080089959,0.00031683268379867346,0.5455289942715095,0.7022719767318453,0.8409971107126284,0.20767196190648674,0.20476943875913736,0.06942133451835986,dV,67_77Hz,3ph_max
112,raw_dV_band_60_80Hz_ratio_3ph_max,raw-derived,1,0.891156462585034,0.891156462585034,1.0,0.7714285714285715,1.0,3.676601243737571e-09,0.9365079365079365,0.8695652173913043,0.8285239363209493,0.8285239363209493,0.0,0.9722599208630113,0.9729889297310156,0.0003085761292392908,0.5618119649624513,0.7102910008991703,0.806202336573947,0.28257301100601434,0.29238048054588434,0.0888593528907036,dV,60_80Hz,3ph_max
115,raw_dV_band_50_60Hz_ratio_B,raw-derived,1,-0.9758125472411187,0.9758125472411187,-1.0,-0.9523809523809523,-0.9968253968253968,9.065959326158268e-12,0.9285714285714286,0.851063829787234,0.07253591867923694,0.07253591867923694,0.0,0.00017036543206514024,2.0181824582851397e-05,2.7738773188822152e-05,0.06130454668030929,0.05170341185577497,0.09392123302166547,0.14353007893140032,0.16235140243416077,0.13734514021602745,dV,50_60Hz,B
119,raw_dV_band_50_60Hz_ratio_A,raw-derived,1,-0.9939531368102796,0.9939531368102796,-1.0,-1.0,-0.9873015873015873,1.5081497941720912e-10,0.9206349206349206,0.9,0.07726959455194128,0.07726959455194128,0.0,0.0001511105421813813,1.3887978477291861e-05,2.0386848508631512e-05,0.16736148662052225,0.18602636595321348,0.056705164233112976,0.12875334844105854,0.15160605291230844,0.14436162961469634,dV,50_60Hz,A
121,raw_dV_band_40_50Hz_ratio_B,raw-derived,1,-0.9969765684051398,0.9969765684051398,-1.0,-0.9936507936507937,-1.0,7.307368114766734e-11,0.9126984126984127,0.8780487804878049,0.023731213091283666,0.023731213091283666,0.0,7.078059276913992e-05,1.05651731592541e-05,1.2495005679400287e-05,0.0930315251657246,0.0749460280438724,0.14805755018290892,0.1275463868760067,0.14913259851367971,0.1359204387140621,dV,40_50Hz,B
122,raw_dV_band_60_70Hz_ratio_C,raw-derived,1,-0.9924414210128496,0.9924414210128496,-1.0,-0.9841269841269841,-1.0,6.417087545293662e-14,0.9126984126984127,0.8780487804878049,0.04014962277747871,0.04014962277747871,0.0,0.00018610464369057494,1.787956705692192e-05,2.81482768706441e-05,0.025762887362978305,0.018160403623875786,0.040870942923701956,0.11733340154000507,0.1435684476227763,0.09124694176851153,dV,60_70Hz,C
124,raw_dV_band_80_100Hz_ratio_B,raw-derived,1,-0.9939531368102796,0.9939531368102796,-1.0,-0.9873015873015873,-1.0,1.9313545598607366e-15,0.9047619047619047,0.8571428571428571,0.012304556005744635,0.012304556005744635,0.0,5.645001651846278e-05,1.1612465851964965e-05,1.550721445802728e-05,0.004396991945082957,0.004367874548306708,0.005701090978741669,0.03746920943194984,0.02373896229322309,0.013585350246273258,dV,80_100Hz,B
125,raw_dV_band_60_70Hz_ratio_B,raw-derived,1,-0.983371126228269,0.983371126228269,-1.0,-0.9650793650793651,-1.0,3.280369421394068e-14,0.8968253968253967,0.8372093023255814,0.045988815706599205,0.0459888157065992,0.0,0.00017190747950502104,1.743533175865683e-05,3.178915868199918e-05,0.028789876366352593,0.022486784687854637,0.04434702257913169,0.10788254842715819,0.12499534190901834,0.04056592996972555,dV,60_70Hz,B
126,raw_dI_band_80_100Hz_ratio_C,raw-derived,1,-0.9606953892668179,0.9606953892668179,-1.0,-0.9174603174603174,-1.0,1.1299170534208737e-12,0.8968253968253967,0.8372093023255814,0.005997409537134019,0.005997409537134019,0.0,5.512680885595093e-05,1.978912222067402e-05,1.3269672569076117e-05,0.006611812836431679,0.00046837180241532205,0.0019775244766311022,0.008801243892024583,0.008762150916226796,0.0015126569939744663,dI,80_100Hz,C
127,raw_dI_band_80_100Hz_ratio_B,raw-derived,1,-0.9349962207105065,0.9349962207105065,-1.0,-0.8634920634920635,-1.0,1.022211151358166e-11,0.8968253968253967,0.8372093023255814,0.0060417956011024595,0.0060417956011024595,0.0,7.78915959187875e-05,4.541141327677208e-05,1.5364591139398198e-05,0.005897922974551661,0.0004549510399741427,0.0016950196872476586,0.005870828389824753,0.006032866781450602,0.0010309644923204324,dI,80_100Hz,B
130,raw_dV_band_50_60Hz_ratio_C,raw-derived,1,-0.9863945578231292,0.9863945578231292,-1.0,-0.9904761904761905,-0.9809523809523809,4.0894021645491356e-11,0.8888888888888888,0.8181818181818182,0.07517241001065574,0.07517241001065574,0.0,0.00017446035217079706,2.0431020848668157e-05,2.5701400137559314e-05,0.05592613690456952,0.03859126891985479,0.09333929245337837,0.15637102538174077,0.2032903803825853,0.17808771716003274,dV,50_60Hz,C
131,raw_dV_band_100_150Hz_ratio_B,raw-derived,1,-0.9758125472411187,0.9758125472411187,-1.0,-0.9492063492063492,-1.0,1.3295132035630948e-15,0.873015873015873,0.782608695652174,0.010027338510396258,0.010027338510396258,0.0,6.845233999225565e-05,1.7322852793746706e-05,1.7611540381651506e-05,0.002605750567119243,0.002018641381807889,0.0034969323412972642,0.0485010570015774,0.028204148663687333,0.02030552176019535,dV,100_150Hz,B
134,raw_dV_band_20_30Hz_ratio_C,raw-derived,1,-0.6825396825396826,0.6825396825396826,1.0,-0.8,-0.7333333333333333,2.1352727536060458e-07,0.873015873015873,0.76,0.025421942085699298,0.025421942085699298,0.0,0.02705741807011716,0.02681349587624632,0.0002517246058689922,0.126002989708396,0.09991717751548554,0.158036277143167,0.07859799425799334,0.07523648251453757,0.03563776474266364,dV,20_30Hz,C
135,raw_dV_band_100_150Hz_ratio_C,raw-derived,1,-0.9773242630385488,0.9773242630385488,-1.0,-0.9523809523809523,-1.0,2.060380538439779e-15,0.8650793650793651,0.7659574468085106,0.012279736787788953,0.012279736787788953,0.0,9.103353035740568e-05,2.6245442143217553e-05,1.911640040918839e-05,0.002334410741042465,0.0018085944037920406,0.0032426303425803025,0.049171829854767125,0.035363929614428496,0.017808724230462487,dV,100_150Hz,C
138,raw_dV_band_20_30Hz_ratio_B,raw-derived,1,-0.6931216931216931,0.6931216931216931,-0.9047619047619048,-0.4984126984126984,-0.8666666666666667,2.3118333484036963e-05,0.8650793650793651,0.7450980392156863,0.02835764744320342,0.02835764744320342,0.0,0.027132233116072026,0.02690195111272489,0.0001983852284154937,0.12529509749080486,0.14964249622109416,0.17847953731999777,0.07890149948014434,0.07836667723251119,0.019090082793232627,dV,20_30Hz,B
141,raw_dI_band_20_30Hz_ratio_3ph_max,raw-derived,1,-0.7732426303854876,0.7732426303854876,1.0,-0.926984126984127,-0.7968253968253968,8.058273964277773e-09,0.8492063492063492,0.7346938775510204,0.19201366874502357,0.19201366874502357,0.0,0.208769170368,0.20716752064906746,0.0011514694602752784,0.29278770439713636,0.2880994253298894,0.03872949667842562,0.27912838989170313,0.29293793053463224,0.04291654879482332,dI,20_30Hz,3ph_max
143,raw_dI_band_20_30Hz_ratio_A,raw-derived,1,-0.7566137566137566,0.7566137566137566,1.0,-0.9047619047619048,-0.7841269841269841,2.8274423025135085e-08,0.8253968253968254,0.6923076923076923,0.18854778091528657,0.18854778091528657,0.0,0.20291564137164425,0.20047995583135975,0.002468553234688947,0.2886867417508272,0.287454938292666,0.039016547952979874,0.2733370723361761,0.29214276893485913,0.0588498785574062,dI,20_30Hz,A
149,raw_dI_band_10_20Hz_ratio_B,raw-derived,1,-0.22448979591836735,0.22448979591836735,-1.0,0.6285714285714286,-1.0,6.908421683265365e-14,0.7936507936507937,0.6176470588235294,0.007963506593638073,0.007963506593638073,0.0,0.0009363841717356011,0.0009041120059347225,5.647157880041243e-05,0.00822021071574786,4.3693679853367684e-05,0.0004702221265121593,0.18749601088816573,0.17073191083750738,0.05922148243782438,dI,10_20Hz,B
150,raw_dI_band_50_60Hz_ratio_C,raw-derived,1,-0.8851095993953136,0.8851095993953136,-1.0,-0.765079365079365,-0.9936507936507937,2.2957957631158194e-14,0.7936507936507936,0.6666666666666666,0.09958829751097813,0.09958829751097813,0.0,0.00025587586836629356,2.094664568078834e-05,2.6046740299419264e-05,0.004019386653240519,0.000540371538527492,0.004421188077084559,0.13680408924063786,0.1458162136818673,0.025092597849858955,dI,50_60Hz,C
151,raw_dI_band_60_70Hz_ratio_C,raw-derived,1,-0.8291761148904006,0.8291761148904006,-1.0,-0.6444444444444445,-0.9968253968253968,3.8508271683121616e-12,0.7936507936507936,0.6666666666666666,0.039570910862761606,0.039570910862761606,0.0,0.00022202559604456878,3.2255414192960774e-05,4.5656853300355625e-05,0.009700946574476945,0.00032312394110722777,0.0023435878474367656,0.0667659599754957,0.06999547993834143,0.00711247799857713,dI,60_70Hz,C
153,raw_dI_band_40_50Hz_ratio_C,raw-derived,1,-0.8231292517006803,0.8231292517006803,-1.0,-0.6285714285714286,-1.0,4.8093637586476546e-14,0.7936507936507936,0.6428571428571429,0.04586433003087644,0.04586433003087644,0.0,0.0002094079839999211,5.8175417143183187e-05,4.5790815129907346e-05,0.0021671671766536754,0.0004370132714689993,0.0027543260073913003,0.19319797078760345,0.2072683543570589,0.03761534978150877,dI,40_50Hz,C
155,raw_dI_band_30_40Hz_ratio_B,raw-derived,1,-0.7898715041572184,0.7898715041572184,-1.0,-0.5587301587301587,-1.0,8.090319105542621e-14,0.7857142857142857,0.631578947368421,0.062015560852324986,0.062015560852324986,0.0,0.00036760513601452843,0.0001447914174728231,4.179035338751716e-05,0.00894504852223909,0.0005596040010271465,0.004318491966069122,0.13421347597793273,0.13838316354719493,0.022935773437072857,dI,30_40Hz,B
157,raw_dI_band_0_10Hz_ratio_C,raw-derived,1,-0.16855631141345426,0.16855631141345426,-1.0,0.7333333333333333,-0.9873015873015873,5.189788916848677e-14,0.7777777777777778,0.6,0.0011579305584310158,0.0011579305584310158,0.0,0.0002790639798797784,0.0002667584440679865,6.991607478073027e-06,0.0003760279820818119,3.560976245449882e-07,2.6987538431860396e-06,0.026458612483683128,0.015922084971206105,0.016224088529140646,dI,0_10Hz,C
158,raw_dI_band_100_150Hz_ratio_C,raw-derived,1,-0.780801209372638,0.780801209372638,-1.0,-0.5396825396825397,-1.0,2.3053443226669887e-11,0.7777777777777777,0.6206896551724138,0.004153778817744472,0.004153778817744472,0.0,4.1906433991043306e-05,2.2886580335350157e-05,4.475915311781508e-06,0.001439870869400263,4.957829103926455e-05,0.00029762079541837365,0.004709299312380722,0.004649027569358947,0.000660572411414536,dI,100_150Hz,C
161,raw_dI_band_30_40Hz_ratio_C,raw-derived,1,-0.8669690098261527,0.8669690098261527,-1.0,-0.7206349206349206,-1.0,1.995053198060909e-14,0.7698412698412698,0.6382978723404256,0.06619217048781038,0.06619217048781038,0.0,0.0002185537913086124,3.514415510057614e-05,2.2439489675038012e-05,0.008110120187685855,0.0004816638592949627,0.003589762547220843,0.1414332244679811,0.14821321362953516,0.014553164889316322,dI,30_40Hz,C
162,raw_dI_band_60_70Hz_ratio_B,raw-derived,1,-0.7913832199546486,0.7913832199546486,-1.0,-0.5650793650793651,-0.9968253968253968,1.874351382923387e-11,0.7698412698412698,0.6274509803921569,0.03851097305848156,0.03851097305848156,0.0,0.00021896291492753291,4.5254508681703284e-05,4.882790723134724e-05,0.009010088683300102,0.00032851918425617275,0.002215822994522304,0.05266234758806789,0.05470465213286664,0.010089178609568317,dI,60_70Hz,B
163,raw_dI_band_40_50Hz_ratio_B,raw-derived,1,-0.782312925170068,0.782312925170068,-1.0,-0.5428571428571428,-1.0,8.359305595118394e-14,0.7698412698412698,0.6101694915254238,0.043799857409191956,0.043799857409191956,0.0,0.00026803040915389224,9.749207960168017e-05,6.659345090619811e-05,0.0023381983707729662,0.00044896862459773324,0.0030853604799908497,0.16496747106167076,0.17397447727459509,0.030621577319906335,dI,40_50Hz,B
165,raw_dI_band_50_60Hz_ratio_B,raw-derived,1,-0.8427815570672713,0.8427815570672713,-1.0,-0.7365079365079366,-0.9333333333333333,5.989465558966262e-13,0.7619047619047619,0.625,0.09847202570262016,0.09847202570262016,0.0,0.000254183456391673,3.808441260603743e-05,1.8046024982465156e-05,0.003928284758696307,0.0005351831919942094,0.004173873559171133,0.10506254559651648,0.11018005053428248,0.02162422017905151,dI,50_60Hz,B
166,raw_dI_band_67_77Hz_ratio_3ph_max,raw-derived,1,0.7112622826908541,0.7112622826908541,1.0,0.39365079365079364,1.0,1.6501725696915407e-13,0.7619047619047619,0.6,0.18226457647326635,0.18226457647326635,0.0,0.7951766487567179,0.7970142137405117,0.0025290815337462025,0.7674975647753364,0.7947358132756781,0.0311886778200694,0.08691524764268546,0.07927328267057587,0.02632831823117844,dI,67_77Hz,3ph_max
167,raw_dI_band_70_80Hz_ratio_3ph_max,raw-derived,1,0.7097505668934241,0.7097505668934241,1.0,0.3904761904761905,1.0,1.731854306293722e-13,0.7619047619047619,0.6,0.5485661470926564,0.5485661470926564,0.0,0.7950968027463569,0.7970130334480913,0.002530867037923712,0.761926457006828,0.794733853562291,0.031307668527453925,0.06952918968362076,0.05501507037398458,0.03407165477343655,dI,70_80Hz,3ph_max
168,raw_dI_band_60_80Hz_ratio_3ph_max,raw-derived,1,0.7006802721088435,0.7006802721088435,1.0,0.37142857142857144,1.0,1.9090893988178863e-13,0.7619047619047619,0.6,0.5881370579554179,0.5881370579554179,0.0,0.7953129984735676,0.7970284527232362,0.0025248561138573322,0.7709539980693897,0.7949480777713178,0.029264554095659756,0.12813540218318645,0.12562154057896469,0.029745649157315146,dI,60_80Hz,3ph_max
169,raw_dI_band_67_77Hz_ratio_C,raw-derived,1,0.6674225245653818,0.6674225245653818,1.0,0.30158730158730157,1.0,2.33272598487729e-13,0.7619047619047619,0.6,0.18226457647326635,0.18226457647326635,0.0,0.7945630723733237,0.7967550805178188,0.0016382845008161562,0.7642419688160909,0.7947358132756781,0.033191122143284124,0.07592916284911248,0.07053556877458178,0.02094620038699211,dI,67_77Hz,C
170,raw_dI_band_70_80Hz_ratio_C,raw-derived,1,0.6674225245653818,0.6674225245653818,1.0,0.30158730158730157,1.0,2.923223565102735e-13,0.7619047619047619,0.6,0.5485661470926564,0.5485661470926564,0.0,0.7944827400587029,0.7967395015898165,0.0016428444213664184,0.7582326894260093,0.794733853562291,0.03342294627845144,0.04581971902797832,0.03548291963622115,0.02448116960610575,dI,70_80Hz,C
171,raw_dI_band_60_80Hz_ratio_C,raw-derived,1,0.6598639455782312,0.6598639455782312,1.0,0.2857142857142857,1.0,2.7880983766481115e-13,0.7619047619047619,0.6,0.5881370579554179,0.5881370579554179,0.0,0.7947047656547475,0.7967944608899235,0.001615308551480732,0.767933636000486,0.7949480777713178,0.030959418934015992,0.11258567900347403,0.10760639668035209,0.03785887800340186,dI,60_80Hz,C
172,raw_dI_band_10_20Hz_ratio_C,raw-derived,1,-0.327286470143613,0.327286470143613,-1.0,0.4126984126984127,-1.0,1.244083049219613e-12,0.7619047619047619,0.59375,0.004867602347434517,0.004867602347434517,0.0,0.0002664198649357135,0.0002116517981936898,2.350902772944421e-05,0.008612546479218148,7.139137872826841e-05,0.0003780807150381394,0.12397100530951326,0.10330667850937811,0.07005547786676025,dI,10_20Hz,C
173,raw_dI_band_0_10Hz_ratio_B,raw-derived,1,-0.1746031746031746,0.1746031746031746,-1.0,0.7333333333333333,-1.0,2.1288166174971112e-14,0.7619047619047619,0.5882352941176471,0.00213382157171252,0.00213382157171252,0.0,0.0008463617083230297,0.0008255469575791768,1.6719404747738797e-05,0.0005983876712159048,3.2882077227088632e-06,3.2463890442098274e-05,0.04019094073006721,0.025289911006426774,0.02288393697068463,dI,0_10Hz,B
176,raw_dI_band_100_150Hz_ratio_B,raw-derived,1,-0.46938775510204084,0.46938775510204084,-1.0,0.11428571428571428,-1.0,4.324507870411812e-10,0.753968253968254,0.5901639344262295,0.004885833126118891,0.004885833126118891,0.0,6.688152617139786e-05,5.237472982975999e-05,2.8015811776299903e-06,0.0013115522626253211,4.8050411258952216e-05,0.0002787365106573735,0.0033424090303212444,0.0034454542824150485,0.0005952336542279714,dI,100_150Hz,B
177,raw_dI_band_70_80Hz_ratio_B,raw-derived,1,0.4708994708994709,0.4708994708994709,1.0,-0.1111111111111111,1.0,4.5100900607310946e-13,0.746031746031746,0.5806451612903226,0.5428872054691097,0.5428872054691097,0.0,0.7883989506040583,0.7906120165983018,0.0012156099734901282,0.7557858008647916,0.7925072044917091,0.031205111726401835,0.0673883559330641,0.051508871883819723,0.03748576436821094,dI,70_80Hz,B
178,raw_dI_band_67_77Hz_ratio_B,raw-derived,1,0.46938775510204084,0.46938775510204084,1.0,-0.11428571428571428,1.0,4.2362498745456834e-13,0.746031746031746,0.5806451612903226,0.17678028053028536,0.17678028053028536,0.0,0.7884603935178393,0.7906149017794184,0.0012164704228574408,0.7613808014793905,0.792512599289334,0.031061365970739163,0.08083793250106765,0.06471518715895229,0.0365957929701102,dI,67_77Hz,B
179,raw_dI_band_60_80Hz_ratio_B,raw-derived,1,0.46485260770975056,0.46485260770975056,1.0,-0.12380952380952381,1.0,4.424529058456654e-13,0.746031746031746,0.5806451612903226,0.5813981785275912,0.5813981785275912,0.0,0.7886179135189861,0.7906708149778651,0.0011767048686803783,0.7647958895480916,0.7927090963914434,0.029197835007739092,0.120050703521132,0.10392534648191001,0.04215665715684069,dI,60_80Hz,B
186,raw_dI_band_20_30Hz_ratio_C,raw-derived,1,-0.25018896447467875,0.25018896447467875,1.0,0.09523809523809523,-0.7206349206349206,2.3284301936637895e-07,0.6825396825396826,0.5142857142857142,0.18359625216202613,0.18359625216202613,0.0,0.20393506014023607,0.2025266104845081,0.0015448309917369396,0.19965322170677088,0.20278060371048878,0.009022015670204497,0.24644727962220514,0.25074574957849405,0.035246420387148175,dI,20_30Hz,C
188,raw_dI_band_20_30Hz_ratio_B,raw-derived,1,-0.04610733182161754,0.04610733182161754,1.0,0.3492063492063492,-0.546031746031746,3.708997348988478e-05,0.6349206349206349,0.47368421052631576,0.19201366874502357,0.19201366874502357,0.0,0.2084907448979712,0.20716752064906746,0.0011514694602752784,0.20313857276331207,0.20510416618278543,0.010457644206832567,0.23726497040628178,0.24189574765768002,0.044095781951952406,dI,20_30Hz,B
